{
  "fx": 331.9324255407204,
  "fy": 207.12442291620863,
  "cx": 320.0,
  "cy": 240.0,
  "colors": {
    "Orange": {
      "hsv_low": [
        5,
        98,
        170
      ],
      "hsv_high": [
        60,
        255,
        255
      ]
    },
    "Purple": {
      "hsv_low": [
        111,
        36,
        92
      ],
      "hsv_high": [
        168,
        255,
        255
      ]
    }
  }
}